filename,genre,tempo,beats,chroma_stft,rms,spectral_centroid,spectral_bandwidth,rolloff,zero_crossing_rate,mfcc1,mfcc2,mfcc3,mfcc4,mfcc5,mfcc6,mfcc7,mfcc8,mfcc9,mfcc10,mfcc11,mfcc12,mfcc13,mfcc14,mfcc15,mfcc16,mfcc17,mfcc18,mfcc19,mfcc20
NewAge-TROMZSY128F92F2F41.mp3,NewAge,143.5546875,69,0.3768954277038574,0.17963428795337677,1145.7406743434433,1722.3869396547248,1938.7132768660506,0.045913554566563465,-122.24344635009766,162.91539001464844,-6.560545444488525,9.490218162536621,9.771308898925781,3.7786898612976074,19.448848724365234,-0.5345690250396729,3.804331064224243,-13.691615104675293,-6.1642327308654785,8.244213104248047,-10.168681144714355,4.969725131988525,-5.9684553146362305,-3.643887996673584,-2.6060683727264404,-1.626798152923584,-5.396785259246826,-0.7903695702552795
NewAge-TROPHST128F42ABAF9.mp3,NewAge,117.45383522727273,58,0.36805233359336853,0.07520614564418793,1852.9829005170884,2146.51358229841,3899.4430872678017,0.08922886331753097,-197.82821655273438,107.0822525024414,-2.4198973178863525,26.076553344726562,0.1895744353532791,7.805736541748047,-6.954662322998047,1.0663238763809204,-8.626543045043945,-2.1018221378326416,-8.45827865600586,-2.8676681518554688,-6.140341758728027,-1.785118818283081,-6.882572174072266,-1.714570164680481,-4.674543857574463,-2.2890806198120117,-6.813349723815918,-0.6778285503387451
NewAge-TREWZZW128F92F4690.mp3,NewAge,135.99917763157896,65,0.23945310711860657,0.1778894066810608,1744.5144156391132,1865.1916087665868,3588.994964505128,0.08626931961106811,-113.37739562988281,121.45684814453125,-18.109859466552734,32.532230377197266,-10.224013328552246,-2.277824878692627,1.1204990148544312,3.809176445007324,-4.327371597290039,14.033635139465332,1.9555420875549316,9.808333396911621,2.4333038330078125,1.1296955347061157,-3.3322720527648926,1.8590781688690186,-2.695607900619507,-0.41508573293685913,-4.614003658294678,1.0984749794006348
NewAge-TRXBHXO128F1458F38.mp3,NewAge,135.99917763157896,65,0.19008466601371765,0.09787506610155106,1061.038400357854,1513.868831151897,1908.238461143092,0.04462482464202786,-265.2879943847656,138.21591186523438,4.401617527008057,29.467355728149414,-3.0782721042633057,-4.89786434173584,-12.915613174438477,-13.328221321105957,-22.470394134521484,-10.066581726074219,-12.189393997192383,-5.410434246063232,-3.5636444091796875,-5.019888401031494,-12.123955726623535,-5.989931583404541,2.543670654296875,8.093117713928223,8.332412719726562,1.8728666305541992
NewAge-TRPLRVY128F1473EBE.mp3,NewAge,117.45383522727273,54,0.3465011417865753,0.23307578265666962,1458.6452507837662,2010.6704616530858,2901.757453469669,0.05226423422987616,-73.94214630126953,141.52786254882812,-0.16258351504802704,26.02288055419922,9.74284839630127,4.36865234375,3.9360101222991943,3.7250795364379883,0.3009214699268341,2.784606695175171,-3.851435899734497,5.73511266708374,-8.02011775970459,6.406182765960693,-1.4065208435058594,1.6954991817474365,-0.4293380081653595,1.3213019371032715,-2.8492610454559326,2.209449529647827
NewAge-TRFORFZ128F9311116.mp3,NewAge,86.1328125,42,0.38736021518707275,0.2045982927083969,1754.753698275801,2178.188522465995,3535.395288615035,0.07325465907991487,-55.97874069213867,124.72547149658203,-5.448858261108398,19.288646697998047,7.496869087219238,3.9688899517059326,4.920470714569092,3.605733633041382,-3.3523917198181152,1.9409054517745972,-7.34843111038208,2.2897753715515137,-6.779783725738525,3.6001837253570557,-4.003156661987305,-1.5622568130493164,-3.4763073921203613,-0.49513566493988037,-7.730462074279785,-1.1898777484893799
NewAge-TRINSKR12903CE6598.mp3,NewAge,172.265625,75,0.2061597853899002,0.02355336956679821,736.0627683307501,908.1274733708269,1263.1590285168343,0.04074994255514706,-432.2624816894531,158.04208374023438,13.052966117858887,4.822210311889648,7.550924301147461,-1.6876715421676636,-8.016140937805176,-12.476262092590332,-14.304625511169434,-20.593997955322266,-22.764095306396484,-11.784008979797363,-0.32707124948501587,-1.3832881450653076,-8.179247856140137,-7.231380462646484,-5.254857540130615,-8.795448303222656,-13.275242805480957,-13.358673095703125
NewAge-TRNNTLI128F93051BC.mp3,NewAge,135.99917763157896,61,0.2785133719444275,0.08512722700834274,1231.0995347235885,1847.6304686587425,2275.2779083724363,0.050260844983552634,-210.14381408691406,141.19374084472656,11.54272747039795,20.04258155822754,-2.8994674682617188,7.911215782165527,17.172103881835938,3.750499963760376,-11.779448509216309,-1.4422615766525269,-5.997776985168457,7.087763786315918,-4.935862064361572,-10.519915580749512,-1.5712487697601318,-1.7307497262954712,3.1358602046966553,-0.1395018994808197,-1.7937960624694824,1.3217252492904663
NewAge-TRGYSPV128F146953B.mp3,NewAge,161.4990234375,81,0.2678300142288208,0.10572990030050278,1489.3351458539946,1607.4025210043255,2935.498916106327,0.07396969632836688,-168.53504943847656,129.04042053222656,-41.47710037231445,36.66986846923828,-0.5063320398330688,-4.445921897888184,-7.949339866638184,-8.667779922485352,-9.45954418182373,-0.6438509821891785,-13.97756290435791,-12.602413177490234,-8.654913902282715,-6.644235610961914,-9.542110443115234,-3.7083675861358643,-13.23604965209961,-10.541631698608398,-12.763628005981445,-10.376531600952148
NewAge-TRJLORC128F429596A.mp3,NewAge,129.19921875,64,0.26160022616386414,0.06418173015117645,697.8622079042613,766.5234514466825,1197.5260920568885,0.04180284624129257,-303.2056579589844,203.40988159179688,-14.380345344543457,4.461152076721191,12.590085983276367,-9.85443115234375,-4.405743598937988,-5.662186622619629,-6.934839248657227,-6.255882263183594,-12.522012710571289,-11.294923782348633,-3.5481629371643066,-1.0322320461273193,-3.9700140953063965,-4.891050338745117,-5.344257354736328,-8.712278366088867,-9.674623489379883,-8.673022270202637
NewAge-TRIITXF128F147EFD5.mp3,NewAge,95.703125,47,0.37254345417022705,0.21601083874702454,1507.4955382368128,2066.7579463968514,2964.015410337655,0.059608483093072755,-65.39361572265625,141.81617736816406,0.050941869616508484,16.265226364135742,11.331212997436523,-3.15069580078125,0.7473170757293701,0.8174960017204285,-2.440093994140625,2.5331387519836426,-5.320539951324463,5.6626458168029785,-4.208630561828613,2.2072713375091553,-3.13777756690979,-1.4904173612594604,-2.584984064102173,0.641281247138977,-5.8225250244140625,0.9225541353225708
NewAge-TRFQRDR128F932E2B5.mp3,NewAge,117.45383522727273,57,0.42598670721054077,0.32380613684654236,2107.4416185698446,2392.6758104650175,4767.11284058751,0.07769605323626161,-37.15983581542969,99.32884216308594,0.9232164621353149,23.770606994628906,-5.2858967781066895,19.459423065185547,-5.47661828994751,14.193534851074219,2.898658275604248,11.564192771911621,1.9515225887298584,4.393877983093262,-3.3618223667144775,3.800964117050171,-3.7891883850097656,5.320572376251221,-1.3577107191085815,2.7719414234161377,0.05862908437848091,-0.40019410848617554
NewAge-TRAUTBP128F14542E9.mp3,NewAge,92.28515625,46,0.3745582103729248,0.23556265234947205,1425.480377871871,2007.2283635105255,2750.641700579286,0.05456013871420279,-65.7470703125,145.67471313476562,-1.304300308227539,14.751707077026367,3.2938292026519775,-3.6664342880249023,10.636927604675293,-4.885955333709717,0.43963971734046936,2.9127705097198486,-6.043210029602051,5.164703845977783,-10.210387229919434,4.472013473510742,-3.4877851009368896,-3.262396812438965,-0.06897388398647308,-2.8787355422973633,-4.543595314025879,-3.7253682613372803
NewAge-TRZOAYC128F92F1B4B.mp3,NewAge,89.10290948275862,42,0.324095755815506,0.16651219129562378,1360.2317888660045,1948.4850508715163,2678.0838059936145,0.04859758973490712,-117.49605560302734,143.62698364257812,2.521326780319214,21.716838836669922,8.527254104614258,5.189324378967285,12.775940895080566,-7.5978617668151855,-1.8514940738677979,-1.0350099802017212,-11.136299133300781,5.4326958656311035,-8.1748685836792,-3.1937203407287598,-2.217010736465454,0.3491182029247284,-1.3169505596160889,0.9772475957870483,-7.133391380310059,-5.991647243499756
NewAge-TRVGNVX128F92F1CFB.mp3,NewAge,161.4990234375,79,0.2425217628479004,0.21155810356140137,1629.0624331171198,1795.7540620925452,3275.3218612434694,0.08728065136416409,-81.4913558959961,127.15943908691406,-27.932369232177734,29.95883560180664,-7.031999111175537,22.61776351928711,-1.6836332082748413,1.7022310495376587,-7.852315425872803,0.6432437896728516,0.34634917974472046,-1.0330649614334106,-0.16245432198047638,3.2618415355682373,-4.3870439529418945,-5.667402267456055,-6.740111827850342,2.256190061569214,-0.7829170823097229,3.497591495513916
NewAge-TRUVWIP128F422E647.mp3,NewAge,103.359375,46,0.35780832171440125,0.12440620362758636,2046.6261415132494,2488.0993032129854,4797.229325143914,0.09196694199883901,-157.06439208984375,103.29375457763672,16.12741470336914,27.438201904296875,6.4237494468688965,20.199710845947266,5.2554450035095215,10.277679443359375,-6.935767650604248,-3.1683008670806885,-0.5595951676368713,7.21368408203125,-0.8431320190429688,2.640841484069824,-2.505505323410034,5.007033824920654,-3.4603047370910645,3.0103378295898438,-0.6437980532646179,4.792187690734863
NewAge-TRXVHWR128F1464D00.mp3,NewAge,89.10290948275862,44,0.3282718062400818,0.2064257115125656,1960.795600197172,2177.4193670994996,4128.491702242163,0.08649040670955882,-68.65473937988281,108.81450653076172,-6.991730213165283,27.201120376586914,-3.5373902320861816,10.027084350585938,-5.368762969970703,4.5141682624816895,-7.249830722808838,2.3125059604644775,-3.7112488746643066,-1.2098933458328247,-5.385010719299316,0.7639105319976807,-5.708258152008057,-3.7891931533813477,-7.508861541748047,-2.940591335296631,-6.694382667541504,-5.57097053527832
NewAge-TRLOGUD128F931023F.mp3,NewAge,112.34714673913044,53,0.2825404107570648,0.15191960334777832,1994.904644264973,2599.581404623216,4736.938023050503,0.07539939289860681,-107.18208312988281,97.13479614257812,17.522218704223633,26.331933975219727,14.01766586303711,11.547245025634766,8.503084182739258,11.301032066345215,10.12278938293457,3.4833760261535645,-3.1723134517669678,-4.18207311630249,-4.600477695465088,5.515410900115967,2.33172345161438,4.705855369567871,2.697854995727539,5.974308013916016,-4.0162200927734375,-4.228214263916016
NewAge-TRADKSR128F92F4687.mp3,NewAge,143.5546875,70,0.2738211452960968,0.19605974853038788,1460.5528433207705,1682.8882871093665,2974.1570156794214,0.0720184609616873,-103.6303482055664,138.61953735351562,-21.712902069091797,42.669559478759766,-2.705625057220459,-1.692262053489685,1.8911901712417603,10.889020919799805,-8.812480926513672,10.980682373046875,5.423321723937988,6.8165059089660645,1.9590654373168945,10.044795989990234,-0.59129798412323,4.274166107177734,-1.1151084899902344,3.994917631149292,-6.531384468078613,-7.327417373657227
NewAge-TRFNBWT128F4291999.mp3,NewAge,75.99954044117646,37,0.3199355900287628,0.07247249782085419,1730.7407040465766,2089.367152261849,3626.6530701250485,0.07749877551760836,-153.65927124023438,124.65666198730469,-9.196755409240723,21.80584716796875,-1.395721435546875,10.439806938171387,-4.48065185546875,7.779270648956299,-9.006848335266113,1.833081841468811,-7.537933826446533,3.818126678466797,-1.9417544603347778,4.332942485809326,-4.176015853881836,2.6452884674072266,-2.4828546047210693,-0.9035565257072449,-5.832387924194336,2.407980442047119
NewAge-TRCNEXD128F932E6E7.mp3,NewAge,92.28515625,43,0.2717542052268982,0.193299800157547,1815.1338500149843,2101.893549818562,3765.92722795327,0.08773416336106811,-57.338016510009766,119.06182098388672,-10.012088775634766,18.968217849731445,-6.2010297775268555,10.112480163574219,-4.86260461807251,8.134744644165039,-3.6349644660949707,3.1226437091827393,-1.8289953470230103,0.8588550686836243,-3.101228713989258,-1.7415140867233276,-3.4002599716186523,-0.19230228662490845,-4.677943706512451,4.778992176055908,-2.137469530105591,-2.2873458862304688
NewAge-TRLZPSW128F145A631.mp3,NewAge,95.703125,45,0.32413017749786377,0.08320456743240356,1363.73010560568,1563.4729179743588,2778.508198741051,0.06767192639802631,-183.86326599121094,150.6909637451172,-29.351985931396484,47.88283157348633,-2.4274842739105225,14.935905456542969,-3.1475906372070312,3.599076509475708,-2.926403522491455,6.849118709564209,-3.3622238636016846,0.3580280840396881,-4.15081262588501,-0.10885933041572571,-4.771754741668701,-2.6011030673980713,-2.7672486305236816,0.4813744127750397,-0.1317947953939438,-2.9075124263763428
NewAge-TRUHOTT128F92F48BE.mp3,NewAge,112.34714673913044,55,0.30202215909957886,0.14993411302566528,1829.0833203568989,2057.42554298007,3712.3525519120067,0.07768244787635449,-98.1065902709961,120.18733978271484,-16.636043548583984,29.580476760864258,3.751192092895508,1.5791200399398804,-0.1824166476726532,8.151673316955566,-11.227153778076172,5.7606306076049805,-3.0232787132263184,5.968709945678711,-2.7127652168273926,8.344620704650879,-2.7561721801757812,-1.710150122642517,-7.027355670928955,-0.3130032420158386,-6.521079063415527,0.7554535865783691
NewAge-TRYOTWE128F421538E.mp3,NewAge,112.34714673913044,56,0.2937886416912079,0.17177872359752655,1363.8451876214917,1589.8935115565046,2671.6005118638736,0.07500634916795666,-118.47566986083984,148.6127166748047,-23.890132904052734,27.460187911987305,-4.843337535858154,-8.597982406616211,-6.25285530090332,3.54677152633667,-10.024561882019043,-0.8702182769775391,-14.675745010375977,-0.7734127640724182,-6.597002983093262,-4.496028900146484,-8.324845314025879,-3.7705788612365723,-8.622709274291992,-1.228682279586792,-8.469257354736328,-3.1975011825561523
NewAge-TRJRAMC128F930FF75.mp3,NewAge,83.35433467741936,37,0.2545669972896576,0.07461395114660263,1344.8589169426602,1714.9846721240733,2611.634207805244,0.06803171258223684,-207.007080078125,146.16207885742188,-14.393733024597168,25.242271423339844,3.4221487045288086,2.738521099090576,3.189361572265625,4.011224746704102,-2.6321523189544678,-0.39542949199676514,-5.601670742034912,1.361189365386963,3.7333078384399414,2.873154878616333,-5.822144031524658,-2.3769636154174805,-3.7152836322784424,1.6916615962982178,-4.270360946655273,-1.0135349035263062
NewAge-TRGETDV128E0796895.mp3,NewAge,71.77734375,35,0.3732103407382965,0.20610199868679047,1431.2787659470364,2241.4456098373334,3444.3708390274282,0.04132968205785604,-139.01324462890625,111.96031951904297,25.275028228759766,37.0987434387207,20.82985496520996,29.82749366760254,8.20128059387207,10.979220390319824,-1.5937457084655762,9.706713676452637,2.116316080093384,6.180446147918701,0.05529969558119774,1.857240080833435,-4.834019660949707,6.062254905700684,-5.686251163482666,2.2465415000915527,-0.6052559614181519,-1.6660664081573486
NewAge-TRIXEIM128F92F1CAE.mp3,NewAge,69.83741554054055,34,0.402875155210495,0.14692601561546326,1227.0311965013223,1773.7322313858058,2504.659854664522,0.04694340472619969,-145.68960571289062,143.85072326660156,-4.049703598022461,33.482051849365234,12.017870903015137,27.32176971435547,7.765560150146484,4.789524555206299,0.840316891670227,7.1388397216796875,-2.683983087539673,3.9978177547454834,2.5930330753326416,1.3760333061218262,-0.3967369794845581,0.8948272466659546,-3.560760736465454,0.43109801411628723,-5.50593900680542,-1.909225583076477
NewAge-TRTXAUD128F4264530.mp3,NewAge,107.666015625,53,0.3576972484588623,0.09375011920928955,1885.8320532377709,2267.0419977000824,4203.107917714783,0.0852107470249613,-136.17291259765625,110.25590515136719,0.7327044010162354,33.147464752197266,6.0382561683654785,12.37824821472168,-7.067968368530273,10.33757209777832,-9.583586692810059,2.85300874710083,-6.486027240753174,-1.4871437549591064,-1.8785113096237183,3.06022572517395,0.571579098701477,2.376087188720703,-1.6707260608673096,3.5924930572509766,0.8716722726821899,0.2196132391691208
NewAge-TRHSVEP12903CCF7F2.mp3,NewAge,184.5703125,90,0.2385064661502838,0.09592019766569138,998.2054641575364,1187.5098953441275,1841.3971986563952,0.059636071739551086,-228.8128662109375,183.06494140625,-31.997928619384766,27.611207962036133,2.3010787963867188,-0.5563400387763977,-6.237439155578613,-1.7525253295898438,4.086738586425781,6.0607805252075195,2.146646499633789,3.6897706985473633,1.78471839427948,-5.891546249389648,-7.826864242553711,-0.9237421751022339,-2.5356781482696533,0.11981049925088882,0.7270617485046387,0.14664871990680695
NewAge-TRPFGJC128F92F1B49.mp3,NewAge,172.265625,84,0.3805774450302124,0.22048600018024445,1194.8322409388486,1666.9209458977944,1970.7464164993712,0.0564902101876935,-88.70394897460938,165.5051727294922,-12.76160717010498,5.918168067932129,-1.3178343772888184,-1.7342439889907837,23.28331184387207,-7.238222122192383,-1.342743992805481,-5.243088245391846,0.48130080103874207,7.5661540031433105,-12.836817741394043,3.6758065223693848,-3.263004779815674,-2.4152681827545166,0.23964084684848785,0.4387274980545044,-7.184349536895752,-3.6723296642303467
NewAge-TRUJRNN128F9300BB9.mp3,NewAge,117.45383522727273,58,0.3489886224269867,0.24645042419433594,2149.7658562730758,2410.956510342138,4674.363401430679,0.09032862991002322,-27.804584503173828,98.71605682373047,-6.507851600646973,19.897844314575195,1.7263671159744263,3.5090126991271973,-5.162538051605225,3.476696252822876,-5.441213130950928,-0.3839406669139862,-4.630781650543213,0.054556962102651596,0.7096753120422363,5.133103370666504,3.372675657272339,11.153088569641113,1.3865153789520264,2.1924538612365723,-4.250791549682617,1.9293819665908813
NewAge-TRXPRMB128F1477426.mp3,NewAge,123.046875,61,0.383206307888031,0.3123849332332611,2850.1490655971443,2684.924732520054,5865.814530222039,0.14301198481037153,31.36366844177246,71.94384002685547,-4.27044153213501,26.356061935424805,6.035694599151611,4.860530853271484,1.3943647146224976,7.888972759246826,-0.6319132447242737,3.2221059799194336,-2.9515860080718994,0.6719328165054321,-5.851783752441406,2.306511878967285,-2.4149787425994873,1.0859241485595703,-3.6781692504882812,-2.6929123401641846,-3.6004672050476074,2.0694239139556885
NewAge-TRKKJTW128F14A2CC9.mp3,NewAge,117.45383522727273,57,0.2992602288722992,0.06080456078052521,963.9136737729958,1345.9298951140315,2019.5794545460042,0.04214789328560371,-271.21466064453125,159.21347045898438,-26.207992553710938,50.10110855102539,16.112409591674805,6.974498271942139,-3.8069112300872803,1.596164584159851,6.486369609832764,10.779741287231445,-1.5986285209655762,0.18685081601142883,-5.341487884521484,1.0615795850753784,7.5727858543396,10.86823844909668,12.715676307678223,8.521734237670898,-1.7921981811523438,-0.7588565349578857
NewAge-TRPHOZZ128F1469573.mp3,NewAge,143.5546875,66,0.30513614416122437,0.059434548020362854,1381.5471746316955,1787.9816414941004,2666.0172122919894,0.06562696521865326,-206.09234619140625,150.25135803222656,-5.162062644958496,22.292192459106445,-6.522946357727051,4.975489139556885,-7.352421283721924,-1.7710564136505127,-14.172779083251953,4.501810073852539,1.3941407203674316,8.915022850036621,2.930983066558838,5.2860846519470215,0.9790341258049011,10.097016334533691,-2.046678304672241,14.019174575805664,1.032729148864746,5.001926898956299
NewAge-TRYMRWG128F92DBA3B.mp3,NewAge,103.359375,42,0.2749082148075104,0.07812388241291046,1202.8972235987926,1465.7960218819342,2239.4197918682275,0.06517269736842106,-217.8077850341797,164.26910400390625,-24.723926544189453,20.35621452331543,3.9944937229156494,4.740004062652588,-4.469051837921143,4.126786231994629,2.273948907852173,8.764946937561035,-3.1745166778564453,2.3359055519104004,-0.6865565180778503,-2.557004690170288,0.3466951847076416,1.2169338464736938,-0.9228266477584839,1.8204132318496704,-0.12026958912611008,1.6897186040878296
NewAge-TRESUHK128F92EBBBA.mp3,NewAge,112.34714673913044,49,0.2745979130268097,0.06698237359523773,710.5963807402969,779.3107892964115,1247.0924590025154,0.04747892680921053,-289.94873046875,204.2987060546875,-7.134738445281982,4.906108379364014,12.000657081604004,-5.080911636352539,-1.3747894763946533,-2.276005506515503,-1.6669169664382935,-1.6165865659713745,-2.750546455383301,-3.523542642593384,-4.826551914215088,-4.395747184753418,-2.860989570617676,-1.8129268884658813,-3.416743516921997,-2.7865376472473145,2.7508316040039062,-0.1770983189344406
NewAge-TRCEQQA128F92F48B5.mp3,NewAge,107.666015625,54,0.4781872630119324,0.29908013343811035,1443.3550697922087,2042.7791180808592,2956.5071224059116,0.04831565644349845,-45.0831184387207,138.66273498535156,-6.4730634689331055,19.174345016479492,14.433159828186035,6.081721782684326,12.0252685546875,11.843901634216309,-0.13888823986053467,3.33984637260437,5.696307182312012,3.8582241535186768,4.862738609313965,6.583393096923828,3.0404114723205566,0.07008291035890579,-0.9311109781265259,-0.4517609775066376,-2.1221277713775635,0.6047236919403076
NewAge-TRAASED12903CEE1C5.mp3,NewAge,99.38401442307692,48,0.4994300305843353,0.09856396913528442,3144.686891091137,3008.792183606605,6923.2581360052245,0.1554094910990712,-91.34061431884766,64.27686309814453,17.26656150817871,24.958080291748047,6.135515213012695,17.242979049682617,3.7197794914245605,5.8207316398620605,1.0616135597229004,6.017354488372803,-2.7954843044281006,4.664588928222656,-3.2497119903564453,3.2758188247680664,-5.009722709655762,2.0529277324676514,-0.11391963809728622,3.3623719215393066,-2.4750072956085205,1.416222333908081
NewAge-TRDZYDU128F93071CD.mp3,NewAge,172.265625,82,0.2759028375148773,0.13463722169399261,2178.487567095856,2352.484576649742,4693.846616951674,0.10701106871613777,-61.397613525390625,104.45256805419922,-13.429069519042969,18.15379524230957,-2.488801956176758,5.614405155181885,-10.329986572265625,4.100093364715576,-7.577608585357666,3.671196937561035,-5.425669193267822,0.047673653811216354,-6.7618231773376465,0.5194768309593201,-2.987143039703369,2.6381661891937256,-1.8909050226211548,4.973690509796143,-5.0426225662231445,0.25216567516326904
NewAge-TRFXYPX128F92F6F09.mp3,NewAge,107.666015625,44,0.3186556100845337,0.12841908633708954,704.0887364582404,1247.8043682674606,1057.0186083530864,0.03044010315886223,-258.78082275390625,178.0429229736328,23.848228454589844,23.918739318847656,12.612147331237793,21.372539520263672,6.149930477142334,1.0432708263397217,-7.2757248878479,-10.209084510803223,-2.984055995941162,0.83453768491745,0.4587523639202118,3.074800491333008,-4.477654933929443,3.2022931575775146,-2.952855110168457,2.663811445236206,-2.6728761196136475,-2.0546443462371826
NewAge-TRRZWFZ128F930179B.mp3,NewAge,117.45383522727273,57,0.37735557556152344,0.2286476343870163,2349.8642257127585,2671.920428468711,5408.367296342879,0.0916237845878483,-41.28292465209961,93.20780181884766,12.683404922485352,23.186668395996094,9.612995147705078,10.800102233886719,1.3976843357086182,13.568958282470703,-1.9701950550079346,8.960084915161133,-1.6392455101013184,3.7910361289978027,-6.408585548400879,0.7373279333114624,-5.2792181968688965,1.1821233034133911,-0.7815479040145874,5.236053943634033,5.070194244384766,6.643111705780029
NewAge-TRSKEXF128E078AF7C.mp3,NewAge,112.34714673913044,52,0.23294435441493988,0.05444013699889183,884.8564056125546,863.3824278231385,1472.7577611019738,0.05813570288312694,-293.21856689453125,186.89828491210938,-23.23745346069336,-0.29634666442871094,-3.898545503616333,-14.34461498260498,-9.943561553955078,-12.981806755065918,-16.221908569335938,-7.909366607666016,-3.687227487564087,-3.38468861579895,0.9704558849334717,-0.029232816770672798,-2.816657781600952,-7.355839729309082,-6.586053371429443,-3.3525798320770264,-7.898114204406738,-6.820029258728027
NewAge-TRPKYXC12903CB6B24.mp3,NewAge,151.99908088235293,57,0.3302740156650543,0.07335475087165833,1680.5709771331888,2136.7481280059696,3609.81150529702,0.07178981532991487,-187.3653564453125,125.89756774902344,-1.5099749565124512,22.939136505126953,2.5441980361938477,10.43761920928955,10.00574779510498,3.45936918258667,4.451636791229248,21.114742279052734,-9.559162139892578,16.94175148010254,9.803082466125488,5.387836456298828,-5.834755897521973,2.1589314937591553,-9.996664047241211,10.32793140411377,-0.5680356621742249,-6.682521820068359
NewAge-TRGCMVF128F423C6AB.mp3,NewAge,107.666015625,54,0.2711871564388275,0.0897131860256195,1239.1869063121615,1642.6462814451625,2302.9777408753384,0.05269847196691176,-216.917236328125,158.31118774414062,-9.078532218933105,26.797019958496094,17.56627082824707,-5.106903553009033,6.867440700531006,-3.600450277328491,-2.0433309078216553,3.494415044784546,-3.792085647583008,-1.8823407888412476,-5.817988872528076,-3.7192816734313965,-2.9508635997772217,-11.844111442565918,-1.3334577083587646,-4.43267822265625,-8.856143951416016,-3.0161709785461426
NewAge-TRJKCWG12903CD94A0.mp3,NewAge,123.046875,59,0.4003538489341736,0.2886841893196106,2387.4137212103788,2315.8667462280346,4836.387421693596,0.12442744110390867,13.128913879394531,92.33296203613281,-27.251869201660156,11.251838684082031,-6.667324066162109,14.922391891479492,-2.908818006515503,15.495705604553223,1.1638827323913574,6.476881504058838,7.771048069000244,7.998082637786865,1.741855263710022,2.322740316390991,-3.745718002319336,3.2219924926757812,-2.7812139987945557,3.803136110305786,-2.5626111030578613,4.318592548370361
NewAge-TROYKCI128F1468D95.mp3,NewAge,103.359375,52,0.28478410840034485,0.05542714521288872,1309.0060977091994,1650.18610859891,2796.9664204600426,0.05516860064338235,-243.64479064941406,159.51756286621094,-17.797264099121094,33.25468444824219,4.822016716003418,-1.6734774112701416,-4.504659652709961,1.8898321390151978,-10.755516052246094,0.7143727540969849,-1.7622376680374146,-4.190881252288818,-12.045730590820312,-4.198858737945557,-8.6237154006958,-6.292602062225342,-6.9148993492126465,-0.4884575605392456,-6.250725746154785,-2.2282440662384033
NewAge-TRPMJNQ128F93017A3.mp3,NewAge,64.599609375,29,0.3874209523200989,0.23773208260536194,1392.2961415917016,1731.460869677454,2915.882368058243,0.05758657544020898,-76.31187438964844,138.22425842285156,-24.797779083251953,37.695194244384766,4.931889533996582,7.848759174346924,10.814332962036133,17.178932189941406,-5.742424011230469,10.356600761413574,2.281209945678711,9.007827758789062,2.6450955867767334,10.237462997436523,1.6496453285217285,1.1143661737442017,0.5492955446243286,7.106073379516602,6.783553123474121,6.58905029296875
NewAge-TRXNCIG128F9315A81.mp3,NewAge,107.666015625,53,0.36544886231422424,0.26972243189811707,2493.6131906798296,2448.973504454342,5144.810556701093,0.11859603267705109,23.905851364135742,85.77696990966797,-18.292346954345703,27.723520278930664,-0.6867697238922119,9.858376502990723,0.7659177184104919,8.045498847961426,2.5731871128082275,7.325976848602295,-0.8178771138191223,9.47707462310791,-2.124342441558838,0.7340622544288635,-4.684364318847656,2.253286838531494,-5.934638500213623,1.819571614265442,3.0392396450042725,7.115303993225098
NewAge-TRGGULV128F4295F6A.mp3,NewAge,117.45383522727273,52,0.2810117304325104,0.1763043999671936,1119.82131256668,1888.0709803119098,1842.0221948771284,0.04045440390383127,-201.7292022705078,153.66612243652344,43.948341369628906,26.943735122680664,23.39564323425293,-7.779490947723389,10.47177791595459,-2.7896409034729004,-3.8139021396636963,2.530573844909668,-11.972310066223145,2.0428414344787598,-13.453926086425781,-3.979989528656006,-11.296971321105957,-12.217923164367676,-5.601372241973877,-3.686195135116577,-8.726058006286621,-1.5834511518478394
NewAge-TRWURTO12903CFA6DA.mp3,NewAge,135.99917763157896,64,0.3319394886493683,0.18214324116706848,1620.5785968013151,2241.0224748623455,3824.685205985149,0.05162327060758514,-125.55545806884766,109.91181182861328,19.407995223999023,42.9185791015625,4.713428020477295,23.685964584350586,7.525121688842773,8.913036346435547,-12.64372444152832,-3.0439505577087402,-7.197525501251221,-0.38331857323646545,-3.884859323501587,-3.2490756511688232,-5.991530895233154,2.1414296627044678,0.3597463071346283,0.6936731338500977,0.986870288848877,-1.7011375427246094
NewAge-TRBNTJZ128F93051C8.mp3,NewAge,112.34714673913044,55,0.3616923689842224,0.08775264769792557,1342.367213059277,1774.7403218154118,2615.4425181102456,0.061456544480456655,-158.43431091308594,144.32797241210938,-16.267318725585938,27.709867477416992,6.559990406036377,4.455447673797607,5.298099994659424,3.1120126247406006,-0.16611827909946442,3.778135061264038,-3.277534246444702,1.53351891040802,-1.1567093133926392,-3.52013897895813,-0.6698447465896606,1.4335497617721558,-0.43779364228248596,0.7990275621414185,2.3596432209014893,3.754934310913086
NewAge-TRADYXQ128F14655F1.mp3,NewAge,117.45383522727273,57,0.5120518803596497,0.1756732016801834,2372.6976515471856,2449.45422831108,4940.953456063758,0.11089426518962849,-34.879180908203125,89.67744445800781,-10.419523239135742,27.670743942260742,-2.3236143589019775,16.4366512298584,6.768031597137451,5.1012773513793945,0.6443763971328735,4.959530830383301,-3.879486083984375,2.433350086212158,-3.585515022277832,4.658681392669678,-0.21241997182369232,2.457440137863159,-2.773380994796753,2.7311596870422363,-2.6194908618927,0.9347789287567139
NewAge-TRJUSRX128F422025C.mp3,NewAge,73.828125,37,0.4253545105457306,0.24849830567836761,2688.5827021840673,2414.1443372891163,5217.826781848636,0.14731694744098298,16.86954116821289,73.0267562866211,-20.763864517211914,41.05036926269531,0.6301169395446777,14.750435829162598,4.076714515686035,4.321018695831299,6.808522701263428,5.514732837677002,-2.3657021522521973,5.232672214508057,-4.499512672424316,-1.4802542924880981,-3.988640308380127,2.593113660812378,-7.113061428070068,5.7273077964782715,1.386596918106079,3.56715989112854
NewAge-TRBBYXV128F1464453.mp3,NewAge,151.99908088235293,76,0.3832845389842987,0.21781690418720245,1636.0435082658037,1856.6959741678277,3267.66357421875,0.08578897482101393,-35.28352737426758,128.93875122070312,-24.448989868164062,23.80836296081543,-7.850990295410156,11.834635734558105,4.554574012756348,10.254169464111328,-6.288418292999268,0.333637535572052,-2.6897947788238525,4.201251983642578,2.6651880741119385,7.5213470458984375,2.9424097537994385,3.502207040786743,-1.6172139644622803,-0.09415385872125626,-0.4367670714855194,1.818345069885254
NewAge-TRDZSVE128E078E27E.mp3,NewAge,117.45383522727273,57,0.3140971064567566,0.14659146964550018,2219.552834610723,2245.3173710034685,4537.564228636562,0.10222500544214397,-67.55732727050781,90.84727478027344,-22.036846160888672,24.499114990234375,-5.586136817932129,10.075569152832031,-2.354656934738159,7.86773681640625,2.352146863937378,8.71819019317627,-6.411098003387451,-0.17715340852737427,-4.407153606414795,5.85317850112915,1.6165567636489868,6.893593788146973,0.3782102167606354,5.432790279388428,-0.30393537878990173,2.5487184524536133
NewAge-TRSKXEO128F93049A0.mp3,NewAge,83.35433467741936,34,0.3539540469646454,0.0807114839553833,2127.1602827864835,2597.6658740561857,4967.594961632885,0.08823340448432662,-148.3206024169922,108.25826263427734,8.345915794372559,9.441637992858887,4.205304145812988,4.292998313903809,9.10413646697998,2.175679922103882,-12.350141525268555,6.955159664154053,-13.519115447998047,6.357400894165039,-11.144665718078613,-6.692668437957764,-5.496913433074951,-2.6692121028900146,-3.61250638961792,4.945229530334473,-3.3789520263671875,4.158622741699219
NewAge-TRIOTJZ128F1453ABC.mp3,NewAge,86.1328125,42,0.3910467028617859,0.13968215882778168,1276.036548156834,1906.4484966403052,2267.244623615277,0.0521466990373452,-141.9415740966797,160.36941528320312,2.8744704723358154,10.777937889099121,10.835490226745605,-11.212358474731445,15.618406295776367,-3.7710120677948,5.765928745269775,-2.535679817199707,-5.5885419845581055,8.950918197631836,-7.841532230377197,4.067874431610107,0.2709815800189972,-2.688944101333618,8.89491081237793,0.43593910336494446,-1.0725120306015015,0.6613367795944214
NewAge-TRANRUZ128F934BBE7.mp3,NewAge,95.703125,47,0.36207184195518494,0.16180555522441864,1735.736963212065,2126.145583765283,3557.545154677825,0.07291376922890867,-83.52466583251953,128.12718200683594,-8.707876205444336,18.388322830200195,7.795679092407227,4.326079845428467,0.8106255531311035,4.166993141174316,-1.8421392440795898,1.3326115608215332,-6.2124505043029785,1.0460257530212402,-6.196441650390625,3.479421854019165,-4.411861896514893,-1.9458149671554565,-4.923303127288818,-1.5566538572311401,-4.996408939361572,2.5565779209136963
NewAge-TRMKIOY128F93071C3.mp3,NewAge,161.4990234375,81,0.2983342409133911,0.1478925198316574,1584.314973059706,2033.9300510842475,3392.3294870476975,0.06706913336880804,-114.03653717041016,128.54672241210938,-2.137216091156006,24.86981773376465,-0.5186447501182556,8.578019142150879,-4.269964218139648,5.634811878204346,-4.991884231567383,4.105654239654541,-5.856205940246582,-3.9866318702697754,-9.799915313720703,-0.32089534401893616,-3.4944591522216797,2.111750364303589,-2.0491929054260254,1.6381915807724,-3.260759115219116,-0.17003856599330902
NewAge-TRYZWUZ128F42893F2.mp3,NewAge,117.45383522727273,57,0.34662866592407227,0.3082484304904938,2891.47146788556,2838.0947998319552,6406.944591415925,0.13970474857294893,17.81614875793457,75.89154052734375,1.9357668161392212,12.648468017578125,3.7359204292297363,0.673603355884552,-1.5046412944793701,7.367452621459961,-5.741067409515381,7.168771266937256,-0.45298299193382263,7.066206932067871,4.434944152832031,7.070466041564941,1.633522629737854,0.8285354375839233,-4.613707542419434,-2.286726236343384,-1.2712339162826538,1.924960970878601
NewAge-TRKUKUM128F427CC35.mp3,NewAge,143.5546875,70,0.5021647810935974,0.2864105999469757,2260.7632028073417,2368.0223142452564,4676.413389034685,0.10913728412828948,26.595947265625,95.73863220214844,-18.83732795715332,25.760608673095703,8.30712890625,9.871230125427246,-2.8959803581237793,4.65408992767334,3.3038179874420166,6.13950252532959,-0.15496882796287537,3.447814702987671,-2.3570401668548584,2.418726921081543,-0.4132636487483978,4.034572124481201,-0.9582340717315674,2.268277645111084,0.017006345093250275,1.9778207540512085
NewAge-TRXLCHG128F42233EE.mp3,NewAge,123.046875,50,0.2858614921569824,0.09409955143928528,2001.4669201260972,2179.5891333436757,4069.617058249081,0.09917060214299536,-130.8587646484375,102.24065399169922,-19.842628479003906,18.78392219543457,2.923856019973755,12.581452369689941,-3.9735352993011475,9.771198272705078,1.4897081851959229,4.103814125061035,-3.069941282272339,2.721177339553833,-4.671775817871094,0.4186527132987976,-2.6948556900024414,0.604701578617096,-5.5816731452941895,-2.6201839447021484,-7.07589054107666,-0.9385416507720947
NewAge-TRFZZIG128E078AF7E.mp3,NewAge,161.4990234375,79,0.3053120970726013,0.03756250441074371,1096.0085532074588,1449.5312149189383,2105.1456038058727,0.045418470636609906,-298.8424377441406,154.35260009765625,-18.537275314331055,35.259246826171875,-6.036774635314941,-2.8995819091796875,-12.121376037597656,-6.539056301116943,-11.123088836669922,-7.240224361419678,-16.144498825073242,-10.5306396484375,-8.969432830810547,-6.85221004486084,-5.411468982696533,-3.8713197708129883,-9.162962913513184,-6.649541854858398,-10.52210521697998,-5.527668476104736
NewAge-TRREZTC128F932E761.mp3,NewAge,129.19921875,64,0.32868626713752747,0.16474542021751404,1129.9471992480078,1433.4787482415713,2296.777778365664,0.040023567506772446,-171.0743865966797,150.22299194335938,-16.07630729675293,30.440523147583008,19.904441833496094,11.829806327819824,-0.03729248046875,-0.5245408415794373,6.595790863037109,5.986055374145508,-1.9562149047851562,0.7201106548309326,2.2879457473754883,2.8022093772888184,-1.7017346620559692,-0.6759078502655029,-1.2620660066604614,-0.6419491767883301,-1.7162163257598877,3.3544373512268066
NewAge-TRFOKLX128F92FF246.mp3,NewAge,135.99917763157896,58,0.32372355461120605,0.15279747545719147,1703.273088512232,2437.4020299278855,3860.934986787684,0.05517729295665635,-124.91539001464844,118.13629913330078,30.706050872802734,28.534509658813477,10.97095012664795,2.581239938735962,-2.0578818321228027,1.0223987102508545,-6.7597975730896,-5.685019493103027,-6.2151780128479,3.726316452026367,-2.6877596378326416,0.6852095723152161,-4.298214912414551,-0.8909522891044617,-5.937318801879883,-0.8242499232292175,-3.1945385932922363,1.0357638597488403
NewAge-TRIWVWG128F148F909.mp3,NewAge,92.28515625,45,0.26809683442115784,0.1913849413394928,1110.053955172002,1799.9512123275194,1875.9553230214783,0.03970195191563467,-165.09902954101562,154.76629638671875,22.44045066833496,21.786632537841797,15.863625526428223,3.2038116455078125,6.471799850463867,-5.602731704711914,-0.15661318600177765,-1.1289337873458862,-14.23798942565918,1.2471258640289307,-9.302735328674316,-6.121217727661133,-0.28363344073295593,-9.129219055175781,1.6777037382125854,0.8987328410148621,-1.343261957168579,-3.4433562755584717
NewAge-TRNHWSA128E0787D07.mp3,NewAge,151.99908088235293,64,0.20047949254512787,0.10018748790025711,809.1434556245009,1056.5221659100894,1310.5920750290247,0.05263611406733746,-270.6880187988281,183.16236877441406,1.4660286903381348,26.29844093322754,2.3175230026245117,3.9854626655578613,-7.374523639678955,-7.044952869415283,-11.132682800292969,-4.469892978668213,-0.27825677394866943,6.852319717407227,4.768825054168701,3.348389148712158,-2.920685291290283,-6.282210826873779,-9.087728500366211,-0.07194193452596664,0.12769924104213715,-2.8408002853393555
NewAge-TRSWEBT128F9336E7C.mp3,NewAge,95.703125,48,0.39160043001174927,0.09582287818193436,2274.1728901224983,2624.579212882056,5307.942903595443,0.08219375846555728,-154.8209228515625,94.77019500732422,28.6359806060791,29.508777618408203,2.85007381439209,10.827248573303223,-10.828768730163574,8.13779067993164,-3.951908826828003,4.444002151489258,-10.89046859741211,3.765834093093872,-6.92525053024292,-5.430210113525391,-8.347587585449219,2.163566827774048,1.1183550357818604,8.955850601196289,6.438978672027588,13.888371467590332
NewAge-TRZCFMS128F424E4AE.mp3,NewAge,135.99917763157896,67,0.4364226162433624,0.2334902286529541,2924.863144422882,2596.613313601367,5837.698033571982,0.14631355214783281,-3.4011526107788086,57.62114334106445,-9.124847412109375,44.93312072753906,4.371212482452393,13.23067569732666,6.2521281242370605,15.51191234588623,-0.03619082272052765,6.120684623718262,4.555009365081787,11.492166519165039,-0.790512204170227,4.555403232574463,-0.7990446090698242,6.381635665893555,-2.6884965896606445,2.1623356342315674,0.17496103048324585,-2.068864345550537
NewAge-TRFZASN128F93045F8.mp3,NewAge,129.19921875,61,0.4248964786529541,0.3239140212535858,2870.9259860519733,2951.2697980174676,6486.552443371469,0.115543896937887,12.586630821228027,71.5848159790039,14.272491455078125,22.36008644104004,6.662871360778809,10.742804527282715,4.899022102355957,0.7847596406936646,2.843259811401367,5.592706680297852,-3.2445688247680664,-1.7007158994674683,-2.345933675765991,3.8459386825561523,0.7565575838088989,4.934122562408447,4.241796493530273,7.631932735443115,-0.6097894906997681,7.05440092086792
NewAge-TRJDNXY12903CDD722.mp3,NewAge,143.5546875,69,0.3688468933105469,0.34312933683395386,2081.0481115210055,2282.4955349038905,4439.473155113196,0.09573600461977554,24.170001983642578,103.39510345458984,-11.011187553405762,29.571863174438477,-7.21221923828125,13.350973129272461,8.685784339904785,6.642614364624023,0.3795176148414612,8.128413200378418,-1.6240918636322021,3.3420462608337402,2.6709861755371094,5.275299072265625,3.715939998626709,5.378464221954346,-1.2637087106704712,4.581259727478027,-1.5165972709655762,1.2429157495498657
NewAge-TRGBMRL128F42202D3.mp3,NewAge,129.19921875,64,0.39370906352996826,0.12880875170230865,1502.5653963013142,1713.091755353101,3153.0726004680246,0.07091869436919504,-133.4307098388672,139.54641723632812,-25.96148681640625,49.63566589355469,-4.19098424911499,7.615969181060791,13.728334426879883,-0.3067851960659027,-0.3175599277019501,6.520512580871582,-11.008659362792969,-2.623856782913208,-2.2690675258636475,6.1292643547058105,1.9177472591400146,7.914987564086914,2.0224833488464355,-2.2523272037506104,-5.711589336395264,2.312544345855713
NewAge-TRYFQXK128F1469569.mp3,NewAge,73.828125,36,0.2993897497653961,0.15001468360424042,2155.3886275626746,2218.918185784862,4509.272733044698,0.1102268467008514,-67.47220611572266,102.59329223632812,-16.0048885345459,19.562101364135742,-16.211841583251953,20.007244110107422,-1.944435954093933,6.356421947479248,0.7421732544898987,10.413778305053711,-5.720432758331299,-3.341400146484375,-4.545279502868652,3.4371817111968994,1.8864659070968628,6.20977258682251,3.451704740524292,7.412210464477539,-6.05390739440918,2.910827159881592
NewAge-TRDAVOG128F93049AB.mp3,NewAge,78.30255681818181,40,0.34053000807762146,0.18970809876918793,2424.8046842701892,2585.9521042783563,5333.709414455544,0.11511608395414087,-44.19454574584961,90.25260925292969,1.3950157165527344,23.16847038269043,6.189889430999756,8.824566841125488,4.188931465148926,5.572733402252197,-2.0509097576141357,1.3523591756820679,1.1785179376602173,1.8355019092559814,-3.893486976623535,1.0788094997406006,-2.3303637504577637,6.7826151847839355,-1.7763774394989014,-1.442852258682251,-3.6941123008728027,-0.030489375814795494
NewAge-TRRIZYQ128F92EC177.mp3,NewAge,151.99908088235293,73,0.43536049127578735,0.24871207773685455,2636.7454056504084,2472.554485119108,5420.433890044505,0.13433365482294893,23.72498321533203,76.6702651977539,-16.143043518066406,33.565181732177734,-4.879325866699219,10.912910461425781,-4.788959503173828,5.511806011199951,-7.7421464920043945,1.765443205833435,-3.4711854457855225,8.113082885742188,-0.17038464546203613,3.678201913833618,-7.499095439910889,0.7594800591468811,-4.044008731842041,4.260132789611816,-0.6453560590744019,-0.6042107939720154
NewAge-TROSQYZ128F92DACFC.mp3,NewAge,107.666015625,53,0.328617125749588,0.1828913539648056,2105.6947351201156,2698.3040044856384,5166.7520906903055,0.07306191648123066,-78.27455139160156,99.21018981933594,25.999391555786133,24.196659088134766,6.915306091308594,10.452045440673828,1.967047095298767,4.122323989868164,4.722924709320068,2.2140727043151855,-1.097568154335022,-0.25115078687667847,-2.587860107421875,4.895925045013428,-2.2845537662506104,3.9013524055480957,-0.5322726964950562,3.383927345275879,-0.4351363480091095,-1.4903634786605835
NewAge-TRPZFRA128F146956E.mp3,NewAge,123.046875,58,0.3346714377403259,0.15510603785514832,2159.1317709838295,2343.5169348771915,4670.655090520994,0.09575301131965944,-71.14039611816406,92.86222076416016,-6.901194095611572,36.87639236450195,3.5293498039245605,16.701845169067383,-4.79233980178833,7.549805641174316,-0.0589400976896286,10.050732612609863,-8.662230491638184,-0.8287326097488403,1.7219563722610474,4.661657333374023,-1.5755101442337036,5.2526116371154785,2.8413121700286865,2.211503028869629,-2.7398598194122314,3.129859685897827
NewAge-TRNVLKM128F4285E1C.mp3,NewAge,129.19921875,64,0.29469650983810425,0.27992480993270874,2326.546196119817,2557.0423748714816,5205.610189054035,0.1141553943740325,-2.5441553592681885,94.09539794921875,1.1797797679901123,12.51156997680664,-1.9852579832077026,10.774166107177734,9.166501998901367,18.363786697387695,-0.9693567752838135,-4.8841233253479,-7.606820106506348,4.597321510314941,4.6406331062316895,2.863128662109375,-2.7999987602233887,3.6619150638580322,-2.943901777267456,-0.42061007022857666,-3.348583698272705,1.2780321836471558
NewAge-TRLENDR128F92F6EFC.mp3,NewAge,161.4990234375,77,0.2603825330734253,0.1341436207294464,761.7939977517891,1043.2757765129493,1222.6509401303697,0.04704431114551084,-239.48236083984375,193.218017578125,7.107138633728027,13.2997407913208,5.063106060028076,7.40987491607666,4.597775459289551,0.44231006503105164,1.2576278448104858,-3.743657350540161,-12.529728889465332,-3.841470241546631,-1.708223581314087,3.791842460632324,1.0629769563674927,-1.6388481855392456,-4.20370626449585,-2.319464921951294,-2.4879512786865234,1.6311348676681519
NewAge-TRYORAP128EF3447E3.mp3,NewAge,143.5546875,70,0.2407362312078476,0.09040603041648865,1103.2604853065716,1289.4860561052908,2151.086992671246,0.0627411172116873,-208.88890075683594,171.41319274902344,-35.27796173095703,42.61238098144531,5.756986141204834,8.629919052124023,-1.899813175201416,2.658214807510376,-9.798898696899414,-2.469712495803833,-4.82351541519165,0.05903346836566925,4.281011581420898,11.846867561340332,8.112687110900879,7.7031145095825195,1.5530611276626587,1.518934965133667,-2.492471218109131,-2.1818878650665283
NewAge-TRHHKVQ128F423C322.mp3,NewAge,107.666015625,53,0.34604617953300476,0.07616852223873138,801.5934985486277,1177.2697371830404,1442.4662776037635,0.03444159067821207,-261.5224914550781,197.5162353515625,-13.598297119140625,12.251312255859375,20.396753311157227,7.484600067138672,8.416766166687012,2.785125255584717,4.034882068634033,4.440228462219238,-0.5695050358772278,1.273987054824829,-6.545654296875,-4.539132118225098,-4.82159948348999,-4.542647361755371,-0.5727502107620239,0.8539722561836243,0.6180489659309387,1.320376992225647
NewAge-TRTQYNR128F14881D7.mp3,NewAge,112.34714673913044,55,0.34526482224464417,0.19603331387043,1689.0146021291991,2366.893750370076,3981.8842554240036,0.05271812415344427,-100.25003051757812,111.95922088623047,12.934965133666992,22.22465705871582,2.830598831176758,10.039910316467285,7.13106107711792,13.064002990722656,3.301682233810425,9.245895385742188,5.121861934661865,15.114798545837402,3.023998260498047,5.7459211349487305,1.6540368795394897,5.22760009765625,-2.5111331939697266,5.168215751647949,1.5707710981369019,3.574976921081543
NewAge-TRTUMOU128F930344E.mp3,NewAge,112.34714673913044,53,0.3830493986606598,0.18897724151611328,1742.3528547049107,2128.8658214640554,3828.3851836118906,0.06970139258417182,-78.77462005615234,120.65730285644531,-5.0108466148376465,29.155305862426758,7.246179103851318,13.148768424987793,3.735018253326416,7.2246479988098145,-4.077619552612305,3.357799768447876,-0.6710245013237,4.321317195892334,-4.670008182525635,0.24562975764274597,-4.911895275115967,-0.7943596839904785,-4.438316345214844,0.047232139855623245,-4.450498580932617,-1.5341315269470215
NewAge-TRXFWIW128F92EC174.mp3,NewAge,135.99917763157896,65,0.5375353097915649,0.34886234998703003,3390.0955915146324,3056.6421515937636,7323.764047534104,0.12931743421052633,31.283374786376953,48.63753128051758,-1.6362476348876953,13.801597595214844,9.470725059509277,14.756757736206055,7.700687408447266,11.29619312286377,5.893102169036865,13.310619354248047,3.678774118423462,5.6352691650390625,-1.9535257816314697,3.4977989196777344,0.9271195530891418,5.1474928855896,1.6590560674667358,9.404178619384766,5.21942663192749,6.170578479766846
NewAge-TRDFMKD128F429378E.mp3,NewAge,92.28515625,44,0.38370659947395325,0.15554536879062653,2123.5968331542344,2457.432358586656,4776.229452127273,0.08042808509094428,-72.864013671875,105.87936401367188,-5.1759114265441895,12.420554161071777,-4.93912410736084,0.8886558413505554,-7.394549369812012,0.9291346073150635,-5.7226409912109375,-0.2774597704410553,-4.770918369293213,0.2818853557109833,-5.2374043464660645,-2.1997783184051514,-2.235027551651001,4.293698310852051,0.34269607067108154,6.956454753875732,0.5298877358436584,0.9221005439758301
NewAge-TRWZYFS128F1453ADF.mp3,NewAge,129.19921875,64,0.41217079758644104,0.15539546310901642,1263.497285381471,1855.6205919585097,2472.6183817482583,0.04022840375870743,-127.44793701171875,145.69300842285156,-3.386030912399292,18.34344482421875,2.126765489578247,4.265102863311768,8.202133178710938,1.3049583435058594,3.0135767459869385,6.212669372558594,4.281239986419678,4.5447258949279785,-5.80694580078125,-3.409282922744751,-4.795114040374756,1.673772931098938,-4.5887603759765625,-2.7795605659484863,-8.416665077209473,0.223048135638237
NewAge-TRNIXMN128F4295F70.mp3,NewAge,135.99917763157896,67,0.2846812307834625,0.13509362936019897,1144.9378849113925,1831.9546097774678,2009.4128493554083,0.041379946304179564,-214.56605529785156,153.2416534423828,30.530330657958984,25.352636337280273,17.45728874206543,0.5121280550956726,10.31534481048584,0.4983673691749573,-0.7527236938476562,4.297304153442383,-13.057745933532715,-1.3450087308883667,-11.123329162597656,-1.9463565349578857,-2.9290575981140137,-6.787822246551514,-4.451043605804443,-4.572112560272217,-12.079564094543457,-5.0034685134887695
NewAge-TRADJAG128F93051C2.mp3,NewAge,135.99917763157896,67,0.20821189880371094,0.0754585936665535,1264.6875981026856,1561.150712684539,2075.779114714348,0.06263567567240712,-260.8733215332031,128.56089782714844,-14.885708808898926,16.218713760375977,-12.593209266662598,-4.256706714630127,-33.870052337646484,-22.68570327758789,-14.072102546691895,13.062445640563965,-7.65658712387085,-23.924123764038086,-14.135724067687988,-0.56487637758255,-21.975753784179688,-8.874773025512695,-17.337831497192383,-7.969854831695557,-1.1249971389770508,1.739113688468933
NewAge-TRCBUSM128F146A467.mp3,NewAge,143.5546875,68,0.4265725314617157,0.15363843739032745,1433.3579509800975,1624.9950562357922,2870.032645305244,0.06830495356037151,-115.20820617675781,146.75778198242188,-36.53235626220703,30.948719024658203,-10.214486122131348,20.72823143005371,1.241636037826538,-4.818873882293701,3.0527048110961914,-5.740710735321045,-5.085742473602295,4.17166805267334,3.493006467819214,8.582448959350586,7.001791477203369,5.727891445159912,2.038003444671631,-1.1847001314163208,0.11107094585895538,-0.028811899945139885
NewAge-TRTWHTW128F92F6EFD.mp3,NewAge,95.703125,45,0.2750411629676819,0.10504306107759476,828.7085126147017,1193.835318850622,1509.9908692917957,0.03863808835623065,-266.4925842285156,169.28521728515625,0.5585383772850037,28.38070297241211,15.412493705749512,8.08268928527832,3.885842800140381,2.301239013671875,-4.848742961883545,-5.310440540313721,-6.9911627769470215,-0.22110089659690857,-6.104022979736328,-4.502652168273926,-8.622167587280273,-8.79443645477295,-7.587751388549805,-3.784712553024292,-1.6561942100524902,2.8136703968048096
NewAge-TRJPSUJ128F423C32A.mp3,NewAge,117.45383522727273,53,0.2955915033817291,0.1449577957391739,1173.0922191294276,1665.250449192935,2264.1696422092687,0.05703064531733746,-148.44451904296875,150.78521728515625,1.1311051845550537,27.810543060302734,14.421782493591309,-1.2514153718948364,-9.036056518554688,7.355968952178955,-5.225170612335205,3.4707717895507812,-12.302592277526855,1.924149751663208,-6.662981033325195,0.9310210347175598,-10.072644233703613,0.5913975238800049,-7.445389747619629,-0.03122618980705738,-8.599649429321289,0.3234022259712219
NewAge-TRMLAVO128F1469D94.mp3,NewAge,184.5703125,88,0.36128297448158264,0.10412727296352386,1627.9530143747697,1963.5445863273237,3183.714081849845,0.07051620247194272,-205.0422821044922,115.59222412109375,-5.431652069091797,14.669784545898438,2.586338758468628,0.5718294978141785,11.889986038208008,-4.233537197113037,-0.4990254342556,12.368494033813477,-7.169012546539307,8.81078052520752,-7.3441619873046875,6.788675308227539,-0.6536736488342285,-6.720992088317871,3.540454387664795,5.385339260101318,2.9105710983276367,5.3033013343811035
NewAge-TRCOLZV128F1453AD8.mp3,NewAge,112.34714673913044,52,0.3635297417640686,0.16468936204910278,1241.9818373371006,1749.0502911235592,2438.843585979828,0.04674196981424149,-113.0495376586914,160.73155212402344,-8.784424781799316,18.65481185913086,5.199833869934082,-1.1305012702941895,12.809966087341309,1.016446828842163,-0.8934023976325989,0.01508380938321352,-3.044055700302124,4.797916889190674,-4.783573150634766,-2.3635799884796143,-4.9953131675720215,-2.7474708557128906,-3.727895498275757,1.7425340414047241,-8.07990550994873,-0.38579419255256653
NewAge-TRDCVAI128F1473EC6.mp3,NewAge,117.45383522727273,48,0.3124428987503052,0.20333684980869293,1379.7558514331834,2090.841672044695,2519.751430074497,0.04838103775638545,-124.1407699584961,151.4364776611328,13.705034255981445,13.313577651977539,17.11797523498535,-8.343865394592285,15.769975662231445,-7.310629844665527,3.3364243507385254,-0.5953419208526611,-5.169858932495117,11.020744323730469,-17.315309524536133,7.208843231201172,-5.104887962341309,-9.42762565612793,4.775245189666748,-7.252715110778809,-1.7662317752838135,-1.2394254207611084
NewAge-TRQJNXY128F1469546.mp3,NewAge,135.99917763157896,68,0.3101919889450073,0.05573812499642372,1101.542688026232,1687.3932374451658,2124.895484381047,0.03784708784829721,-259.7197265625,152.32888793945312,3.6281111240386963,27.186616897583008,10.873639106750488,8.49698257446289,0.03315713629126549,2.7445240020751953,-3.637357711791992,-2.0759572982788086,-6.440181732177734,-4.106260776519775,-0.3790307641029358,-3.813063383102417,-3.188674211502075,-0.3516739010810852,-11.978574752807617,-4.366607189178467,-7.985812664031982,-2.299694538116455
NewAge-TRYJDHQ128F429023D.mp3,NewAge,117.45383522727273,60,0.22950321435928345,0.16660436987876892,1358.8690893645842,1479.164794474007,2626.900782157024,0.09078289776025542,-122.17424774169922,156.78140258789062,-30.324586868286133,33.2797966003418,-13.076698303222656,10.56032657623291,3.227346420288086,4.0339555740356445,-9.809892654418945,1.432700276374817,-3.913205623626709,-0.5443636775016785,-2.9988818168640137,4.698450088500977,-2.0879924297332764,-2.576720714569092,-2.1964423656463623,-1.643864393234253,-2.3916547298431396,-3.949903964996338
NewAge-TRFDVAM128F1453AD9.mp3,NewAge,135.99917763157896,62,0.2501662075519562,0.06352562457323074,998.0434280249945,1575.8694574879692,1674.9315385848006,0.036030772300696595,-281.28094482421875,165.8265838623047,5.750761985778809,21.42045783996582,16.86863899230957,-7.389742374420166,8.135618209838867,-4.741299152374268,0.11890104413032532,1.5682339668273926,-14.857439994812012,2.982567310333252,-18.02370834350586,-4.019869804382324,-4.9919867515563965,-10.603379249572754,-4.233846664428711,-7.862874507904053,-8.113739013671875,-2.165316343307495
NewAge-TRBLBSD128F1490EF0.mp3,NewAge,151.99908088235293,76,0.2814667522907257,0.10595570504665375,1190.6537549653035,1521.0649374186876,2240.886449666215,0.056282728449109906,-178.32350158691406,160.88034057617188,-19.38524055480957,21.31688117980957,4.864757061004639,-14.814494132995605,-6.409064769744873,-2.513554334640503,-19.23124122619629,-5.980269432067871,-7.989282608032227,-2.71879506111145,-7.24594259262085,0.10434812307357788,-4.9214935302734375,-4.518819808959961,-4.428003311157227,-3.532188653945923,-5.705694675445557,-1.7151485681533813
NewAge-TRAUHFH128F14813AC.mp3,NewAge,69.83741554054055,35,0.3245934844017029,0.29397672414779663,1414.9731100339811,1692.1145663066466,2781.5998467129452,0.06962353969136997,-42.1748046875,148.8056640625,-24.38209342956543,23.834373474121094,-5.964268684387207,11.437898635864258,-6.6171345710754395,-1.518164038658142,-8.027338981628418,0.976121187210083,-4.060352802276611,0.6193955540657043,-6.156167030334473,-2.4071264266967773,-8.162213325500488,-1.6045899391174316,-5.454960823059082,0.44715574383735657,-4.361598491668701,-0.9812458753585815
NewAge-TRGSXES128F1468D90.mp3,NewAge,95.703125,34,0.4213866889476776,0.028173593804240227,2047.187974857449,2038.194231951336,4132.350012244824,0.11435531757933437,-220.88616943359375,116.04181671142578,-29.79631233215332,36.61906814575195,-2.213014602661133,11.943216323852539,2.80954647064209,5.2474045753479,-0.5637770295143127,-0.4147106111049652,-9.012285232543945,7.37114143371582,-8.056906700134277,5.448207378387451,-5.137689113616943,2.7404067516326904,-7.811209678649902,1.551403522491455,-2.1046125888824463,1.9109910726547241
